{
  "profiles": {
    "thinking": {
      "offset_x": 222.06896551724145,
      "offset_y": 78.448275862069,
      "scale_mul": 1.2068965517241381,
      "baseline_offset_px": 0.0,
      "show_baseline": false,
      "lock_to_live2d": true,
      "lock_dx": 184.0,
      "lock_dy": 65.0,
      "lock_ds": 1.7241379310344838,
      "lock_lock_s": 0.5799999999999996
    },
    "shy": {
      "offset_x": -10.0,
      "offset_y": 94.0,
      "scale_mul": 1.15,
      "baseline_offset_px": 0.0,
      "show_baseline": false,
      "lock_to_live2d": true,
      "lock_dx": 136.0,
      "lock_dy": 153.0,
      "lock_ds": 1.0638297872340425,
      "lock_lock_s": 0.94
    },
    "indifferent": {
      "offset_x": 22.0,
      "offset_y": -6.0,
      "scale_mul": 0.98,
      "baseline_offset_px": 0.0,
      "show_baseline": false,
      "lock_to_live2d": true,
      "lock_dx": 176.4716981132076,
      "lock_dy": 50.773584905660385,
      "lock_ds": 0.8183962264150941,
      "lock_lock_s": 1.2000000000000002
    },
    "happy": {
      "offset_x": -73.86065573770495,
      "offset_y": -55.07377049180329,
      "scale_mul": 0.8934426229508198,
      "baseline_offset_px": 0.0,
      "show_baseline": false,
      "lock_to_live2d": true,
      "lock_dx": 177.0,
      "lock_dy": 57.0,
      "lock_ds": 0.819672131147541,
      "lock_lock_s": 1.2200000000000002
    },
    "smile": {
      "offset_x": -73.86065573770495,
      "offset_y": -55.07377049180329,
      "scale_mul": 0.8934426229508198,
      "baseline_offset_px": 0.0,
      "show_baseline": false,
      "lock_to_live2d": true,
      "lock_dx": 177.0,
      "lock_dy": 57.0,
      "lock_ds": 0.819672131147541,
      "lock_lock_s": 1.2200000000000002
    },
    "angry": {
      "offset_x": -71.27118644067798,
      "offset_y": -52.42372881355932,
      "scale_mul": 0.9052542372881357,
      "baseline_offset_px": 0.0,
      "show_baseline": false,
      "lock_to_live2d": true,
      "lock_dx": 174.0,
      "lock_dy": 58.0,
      "lock_ds": 0.8305084745762712,
      "lock_lock_s": 1.1800000000000002
    },
    "disappointed": {
      "offset_x": -71.67059748427673,
      "offset_y": -56.94999999999998,
      "scale_mul": 0.9021635220125784,
      "baseline_offset_px": 0.0,
      "show_baseline": false,
      "lock_to_live2d": true,
      "lock_dx": 176.50943396226418,
      "lock_dy": 54.00000000000003,
      "lock_ds": 0.8276729559748426,
      "lock_lock_s": 1.2000000000000002
    },
    "surprised": {
      "offset_x": -65.72881355932205,
      "offset_y": -78.28813559322035,
      "scale_mul": 0.9052542372881356,
      "baseline_offset_px": 0.0,
      "show_baseline": false,
      "lock_to_live2d": true,
      "lock_dx": 180.0,
      "lock_dy": 30.0,
      "lock_ds": 0.8305084745762711,
      "lock_lock_s": 1.1800000000000002
    },
    "annoyed": {
      "offset_x": -77.44067796610173,
      "offset_y": -59.18644067796611,
      "scale_mul": 0.8054237288135594,
      "baseline_offset_px": 0.0,
      "show_baseline": false,
      "lock_to_live2d": true,
      "lock_dx": 174.0,
      "lock_dy": 60.0,
      "lock_ds": 0.8389830508474577,
      "lock_lock_s": 1.1800000000000002
    },
    "working": {
      "offset_x": -152.0,
      "offset_y": -5.0,
      "scale_mul": 1.0,
      "baseline_offset_px": 0.0,
      "show_baseline": false,
      "lock_to_live2d": false
    },
    "blush": {
      "offset_x": -20.872340425531917,
      "offset_y": 75.39361702127661,
      "scale_mul": 1.074468085106383,
      "baseline_offset_px": 0.0,
      "show_baseline": false,
      "lock_to_live2d": true,
      "lock_dx": 136.0,
      "lock_dy": 153.0,
      "lock_ds": 1.0638297872340425,
      "lock_lock_s": 0.94
    },
    "normal": {
      "offset_x": -20.549999999999983,
      "offset_y": 80.84833333333336,
      "scale_mul": 1.0706,
      "baseline_offset_px": 0.0,
      "show_baseline": false,
      "lock_to_live2d": true,
      "lock_dx": 174.00000000000003,
      "lock_dy": 201.80000000000004,
      "lock_ds": 1.06,
      "lock_lock_s": 1.2000000000000002
    },
    "sad": {
      "offset_x": -19.708333333333343,
      "offset_y": -38.50000000000001,
      "scale_mul": 0.8332499999999998,
      "baseline_offset_px": 0.0,
      "show_baseline": false,
      "lock_to_live2d": true,
      "lock_dx": 175.0,
      "lock_dy": 60.0,
      "lock_ds": 0.8249999999999998,
      "lock_lock_s": 1.2000000000000002
    },
    "pissed": {
      "offset_x": 72.0,
      "offset_y": -2.0,
      "scale_mul": 0.98,
      "baseline_offset_px": 0.0,
      "show_baseline": false,
      "lock_to_live2d": true,
      "lock_dx": 170.4716981132076,
      "lock_dy": 50.773584905660385,
      "lock_ds": 0.8322673488967058,
      "lock_lock_s": 1.1800000000000002
    },
    "winking": {
      "offset_x": 82.93333333333334,
      "offset_y": 10.916666666666664,
      "scale_mul": 0.9833333333333334,
      "baseline_offset_px": 0.0,
      "show_baseline": false,
      "lock_to_live2d": true,
      "lock_dx": 168.93333333333334,
      "lock_dy": 60.916666666666664,
      "lock_ds": 0.8333333333333333,
      "lock_lock_s": 1.1800000000000002
    },
    "side": {
      "offset_x": -207.0,
      "offset_y": 2.0,
      "scale_mul": 0.83,
      "baseline_offset_px": 0.0,
      "show_baseline": false,
      "lock_to_live2d": true,
      "lock_dx": -23.0,
      "lock_dy": 67.0,
      "lock_ds": 0.6916666666666665,
      "lock_lock_s": 1.2000000000000002
    },
    "sided_angry": {
      "offset_x": -70.0,
      "offset_y": -53.0,
      "scale_mul": 0.55,
      "baseline_offset_px": 0.0,
      "show_baseline": false,
      "lock_to_live2d": true,
      "lock_dx": 208.0,
      "lock_dy": 21.0,
      "lock_ds": 0.9433962264150942,
      "lock_lock_s": 1.06
    },
    "sided_blush": {
      "offset_x": -84.64814814814822,
      "offset_y": 16.09259259259254,
      "scale_mul": 0.5370370370370366,
      "baseline_offset_px": 0.0,
      "show_baseline": false,
      "lock_to_live2d": true,
      "lock_dx": 185.0,
      "lock_dy": 151.0,
      "lock_ds": 0.9259259259259258,
      "lock_lock_s": 1.08
    },
    "sided_eyes_closed": {
      "offset_x": -207.0,
      "offset_y": 2.0,
      "scale_mul": 0.83,
      "baseline_offset_px": 0.0,
      "show_baseline": false,
      "lock_to_live2d": true,
      "lock_dx": 12.0,
      "lock_dy": 110.0,
      "lock_ds": 0.8645833333333334,
      "lock_lock_s": 0.96
    },
    "sided_pleasant": {
      "offset_x": 20.062579821200643,
      "offset_y": 5.09195402298856,
      "scale_mul": 0.8221839080459772,
      "baseline_offset_px": 0.0,
      "show_baseline": false,
      "lock_to_live2d": true,
      "lock_dx": 158.55172413793122,
      "lock_dy": 77.5862068965518,
      "lock_ds": 0.8936781609195404,
      "lock_lock_s": 1.08
    },
    "sided_surprised": {
      "offset_x": 0.0,
      "offset_y": 0.0,
      "scale_mul": 1.0,
      "baseline_offset_px": 0.0,
      "show_baseline": false,
      "lock_to_live2d": true
    },
    "sided_thinking": {
      "offset_x": 0.0,
      "offset_y": 0.0,
      "scale_mul": 0.9999999999999999,
      "baseline_offset_px": 0.0,
      "show_baseline": false,
      "lock_to_live2d": true,
      "lock_dx": 184.0,
      "lock_dy": 65.0,
      "lock_ds": 1.7241379310344838,
      "lock_lock_s": 0.5799999999999996
    },
    "sided_worried": {
      "offset_x": 0.0,
      "offset_y": 0.0,
      "scale_mul": 0.9999999999999999,
      "baseline_offset_px": 0.0,
      "show_baseline": false,
      "lock_to_live2d": true,
      "lock_dx": 184.0,
      "lock_dy": 65.0,
      "lock_ds": 1.7241379310344838,
      "lock_lock_s": 0.5799999999999996
    },
    "eyes_closed": {
      "offset_x": -17.850000000000023,
      "offset_y": -63.175000000000004,
      "scale_mul": 0.8916666666666666,
      "baseline_offset_px": 0.0,
      "show_baseline": false,
      "lock_to_live2d": true,
      "lock_dx": 174.0,
      "lock_dy": 57.0,
      "lock_ds": 0.8333333333333333,